{
    "epoch": 3.0,
    "total_flos": 5.390046785961984e+16,
    "train_loss": 0.3295325841853228,
    "train_runtime": 18936.6063,
    "train_samples_per_second": 0.158,
    "train_steps_per_second": 0.01
}